{
  "project_info": {
    "project_number": "1087857990712",
    "firebase_url": "https://blind-eye-project-1d8da-default-rtdb.firebaseio.com",
    "project_id": "blind-eye-project-1d8da",
    "storage_bucket": "blind-eye-project-1d8da.appspot.com"
  },
  "client": [
    {
      "client_info": {
        "mobilesdk_app_id": "1:1087857990712:android:31a84846f5730b9a2d5acd",
        "android_client_info": {
          "package_name": "com.example.blindeye"
        }
      },
      "oauth_client": [
        {
          "client_id": "1087857990712-f42bb7vcdgdi2rolro79js50aieulrpa.apps.googleusercontent.com",
          "client_type": 3
        }
      ],
      "api_key": [
        {
          "current_key": "AIzaSyDoh4tCrPTGwtSJ_1LsUv3eY3W_pV_62Sg"
        }
      ],
      "services": {
        "appinvite_service": {
          "other_platform_oauth_client": [
            {
              "client_id": "1087857990712-f42bb7vcdgdi2rolro79js50aieulrpa.apps.googleusercontent.com",
              "client_type": 3
            }
          ]
        }
      }
    },
    {
      "client_info": {
        "mobilesdk_app_id": "1:1087857990712:android:47404fa0e0fba9762d5acd",
        "android_client_info": {
          "package_name": "com.example.blindeye2"
        }
      },
      "oauth_client": [
        {
          "client_id": "1087857990712-f42bb7vcdgdi2rolro79js50aieulrpa.apps.googleusercontent.com",
          "client_type": 3
        }
      ],
      "api_key": [
        {
          "current_key": "AIzaSyDoh4tCrPTGwtSJ_1LsUv3eY3W_pV_62Sg"
        }
      ],
      "services": {
        "appinvite_service": {
          "other_platform_oauth_client": [
            {
              "client_id": "1087857990712-f42bb7vcdgdi2rolro79js50aieulrpa.apps.googleusercontent.com",
              "client_type": 3
            }
          ]
        }
      }
    }
  ],
  "configuration_version": "1"
}